Workbook
Name lst_Category: OFFSET(Lists!$E$2,0,0,MAX(1,COUNTA(Lists!$E:$E)-1),1)
Name lst_DeploymentStatus: OFFSET(Lists!$F$2,0,0,MAX(1,COUNTA(Lists!$F:$F)-1),1)
Name lst_LOB: OFFSET(Lists!$B$2,0,0,MAX(1,COUNTA(Lists!$B:$B)-1),1)
Name lst_POC: OFFSET(Lists!$A$2,0,0,MAX(1,COUNTA(Lists!$A:$A)-1),1)
Name lst_Priority: OFFSET(Lists!$D$2,0,0,MAX(1,COUNTA(Lists!$D:$D)-1),1)
Name lst_Status: OFFSET(Lists!$C$2,0,0,MAX(1,COUNTA(Lists!$C:$C)-1),1)
Name Slicer_Category: #N/A
Name Slicer_Health: #N/A
Name Slicer_LOB: #N/A
Name Slicer_POC: #N/A
Name Slicer_Priority: #N/A
Name Slicer_Status: #N/A
Name Timeline_StartDate: #N/A

Sheet Dashboard
B1: Project Consolidation Dashboard
B2: ="As of "&TEXT(TODAY(),"mmmm d, yyyy")&" | Use the slicers & timeline below to filter. Edit data on the Projects sheet, then Data > Refresh All." -> As of October 23, 2026 | Use the slicers & timeline below to filter. Edit data on the Projects sheet, then Data > Refresh All.

Sheet Projects
B1: Project Consolidation - Master List
B2: To add a project, type in the first empty row below the table (grey columns fill in automatically), then click Data > Refresh All to update the Dashboard.
B3: Project Name | C3: POC | D3: Developer | E3: LOB | F3: Status | G3: Priority | H3: Category | I3: Start Date | J3: Due Date | K3: Deployment Status | L3: Progress | M3: Link | N3: Duration (Days) | O3: Days Left | P3: Health | Q3: Is Completed | R3: Is Ongoing | S3: Is Overdue | T3: Due (Sort)
B4: NTE and NOD tracker | C4: John Ryan Ariola | D4: Shine Abdulhalik, Junie Ann Martinez, Pope Tuazon | E4: Payment Integrity | F4: Completed | G4: High | H4: Management Tool | I4: 46244 | J4: 46255 | K4: Not Yet Started | L4: 1 | M4: VANGUARD - Power Apps | N4: =tblProjects[[#This Row],[Due Date]]-tblProjects[[#This Row],[Start Date]]+1 -> 12 | O4: =IF(tblProjects[[#This Row],[Status]]="Completed","",tblProjects[[#This Row],[Due Date]]-TODAY()) | P4: =IF(tblProjects[[#This Row],[Status]]="Completed","Completed",IF(tblProjects[[#This Row],[Due Date]]<TODAY(),"Overdue",IF(tblProjects[[#This Row],[Due Date]]-TODAY()<=7,"Due Soon","On Track"))) -> Completed | Q4: =--(tblProjects[[#This Row],[Status]]="Completed") -> 1 | R4: =--(tblProjects[[#This Row],[Status]]="Ongoing") -> 0 | S4: =--(tblProjects[[#This Row],[Health]]="Overdue") -> 0 | T4: =TEXT(tblProjects[[#This Row],[Due Date]],"yyyy-mm-dd") -> 2026-08-21
B5: Attendance (with PTO request) tracker | C5: Charlon Calugay | D5: Justin Umali, Charmaine San Juan | E5: Payment Integrity | F5: Completed | G5: High | H5: Workforce Management | I5: 46244 | J5: 46255 | K5: Not Yet Started | L5: 1 | M5: Tempus - Power Apps | N5: =tblProjects[[#This Row],[Due Date]]-tblProjects[[#This Row],[Start Date]]+1 -> 12 | O5: =IF(tblProjects[[#This Row],[Status]]="Completed","",tblProjects[[#This Row],[Due Date]]-TODAY()) | P5: =IF(tblProjects[[#This Row],[Status]]="Completed","Completed",IF(tblProjects[[#This Row],[Due Date]]<TODAY(),"Overdue",IF(tblProjects[[#This Row],[Due Date]]-TODAY()<=7,"Due Soon","On Track"))) -> Completed | Q5: =--(tblProjects[[#This Row],[Status]]="Completed") -> 1 | R5: =--(tblProjects[[#This Row],[Status]]="Ongoing") -> 0 | S5: =--(tblProjects[[#This Row],[Health]]="Overdue") -> 0 | T5: =TEXT(tblProjects[[#This Row],[Due Date]],"yyyy-mm-dd") -> 2026-08-21
B6: Payment Integrity - Pends Review | C6: John Ryan Ariola | D6: Shine Abdulhalik, Charlon Calugay | E6: Payment Integrity | F6: Ongoing | G6: Medium | H6: Ageing Management | I6: 46253 | J6: 46260 | K6: Not Yet Started | L6: 1 | M6: APEX - Power Apps | N6: =tblProjects[[#This Row],[Due Date]]-tblProjects[[#This Row],[Start Date]]+1 -> 8 | O6: =IF(tblProjects[[#This Row],[Status]]="Completed","",tblProjects[[#This Row],[Due Date]]-TODAY()) -> -58 | P6: =IF(tblProjects[[#This Row],[Status]]="Completed","Completed",IF(tblProjects[[#This Row],[Due Date]]<TODAY(),"Overdue",IF(tblProjects[[#This Row],[Due Date]]-TODAY()<=7,"Due Soon","On Track"))) -> Overdue | Q6: =--(tblProjects[[#This Row],[Status]]="Completed") -> 0 | R6: =--(tblProjects[[#This Row],[Status]]="Ongoing") -> 1 | S6: =--(tblProjects[[#This Row],[Health]]="Overdue") -> 1 | T6: =TEXT(tblProjects[[#This Row],[Due Date]],"yyyy-mm-dd") -> 2026-08-26
B7: OPIDs Review | C7: Justin Umali | D7: Justin Umali, Melody Lapena | E7: Dispute Intake | F7: Completed | G7: High | H7: Automation | I7: 46251 | J7: 46255 | K7: Not Yet Started | L7: 1 | N7: =tblProjects[[#This Row],[Due Date]]-tblProjects[[#This Row],[Start Date]]+1 -> 5 | O7: =IF(tblProjects[[#This Row],[Status]]="Completed","",tblProjects[[#This Row],[Due Date]]-TODAY()) | P7: =IF(tblProjects[[#This Row],[Status]]="Completed","Completed",IF(tblProjects[[#This Row],[Due Date]]<TODAY(),"Overdue",IF(tblProjects[[#This Row],[Due Date]]-TODAY()<=7,"Due Soon","On Track"))) -> Completed | Q7: =--(tblProjects[[#This Row],[Status]]="Completed") -> 1 | R7: =--(tblProjects[[#This Row],[Status]]="Ongoing") -> 0 | S7: =--(tblProjects[[#This Row],[Health]]="Overdue") -> 0 | T7: =TEXT(tblProjects[[#This Row],[Due Date]],"yyyy-mm-dd") -> 2026-08-21
B8: Genpro | C8: Pope Tuazon | D8: Pope Tuazon, Justin Umali | E8: Dispute Intake | F8: Completed | G8: Medium | H8: Process Improvement | I8: 46251 | J8: 46255 | K8: Submitted | L8: 1 | N8: =tblProjects[[#This Row],[Due Date]]-tblProjects[[#This Row],[Start Date]]+1 -> 5 | O8: =IF(tblProjects[[#This Row],[Status]]="Completed","",tblProjects[[#This Row],[Due Date]]-TODAY()) | P8: =IF(tblProjects[[#This Row],[Status]]="Completed","Completed",IF(tblProjects[[#This Row],[Due Date]]<TODAY(),"Overdue",IF(tblProjects[[#This Row],[Due Date]]-TODAY()<=7,"Due Soon","On Track"))) -> Completed | Q8: =--(tblProjects[[#This Row],[Status]]="Completed") -> 1 | R8: =--(tblProjects[[#This Row],[Status]]="Ongoing") -> 0 | S8: =--(tblProjects[[#This Row],[Health]]="Overdue") -> 0 | T8: =TEXT(tblProjects[[#This Row],[Due Date]],"yyyy-mm-dd") -> 2026-08-21
B9: Employee Dashboard | C9: John Ryan Ariola | D9: John Ryan Ariola | E9: Payment Integrity | F9: Ongoing | G9: High | H9: Management Tool | I9: 46244 | J9: 46269 | K9: Not Yet Started | L9: 0.5 | N9: =tblProjects[[#This Row],[Due Date]]-tblProjects[[#This Row],[Start Date]]+1 -> 26 | O9: =IF(tblProjects[[#This Row],[Status]]="Completed","",tblProjects[[#This Row],[Due Date]]-TODAY()) -> -49 | P9: =IF(tblProjects[[#This Row],[Status]]="Completed","Completed",IF(tblProjects[[#This Row],[Due Date]]<TODAY(),"Overdue",IF(tblProjects[[#This Row],[Due Date]]-TODAY()<=7,"Due Soon","On Track"))) -> Overdue | Q9: =--(tblProjects[[#This Row],[Status]]="Completed") -> 0 | R9: =--(tblProjects[[#This Row],[Status]]="Ongoing") -> 1 | S9: =--(tblProjects[[#This Row],[Health]]="Overdue") -> 1 | T9: =TEXT(tblProjects[[#This Row],[Due Date]],"yyyy-mm-dd") -> 2026-09-04
B10: New Ansir Apps for NonCOB | C10: Shine Abdulhalik | D10: Shine Abdulhalik | E10: Non-COB | F10: Ongoing | G10: High | H10: Management Tool | I10: 46244 | J10: 46266 | K10: Not Yet Started | L10: 0.75 | N10: =tblProjects[[#This Row],[Due Date]]-tblProjects[[#This Row],[Start Date]]+1 -> 23 | O10: =IF(tblProjects[[#This Row],[Status]]="Completed","",tblProjects[[#This Row],[Due Date]]-TODAY()) -> -52 | P10: =IF(tblProjects[[#This Row],[Status]]="Completed","Completed",IF(tblProjects[[#This Row],[Due Date]]<TODAY(),"Overdue",IF(tblProjects[[#This Row],[Due Date]]-TODAY()<=7,"Due Soon","On Track"))) -> Overdue | Q10: =--(tblProjects[[#This Row],[Status]]="Completed") -> 0 | R10: =--(tblProjects[[#This Row],[Status]]="Ongoing") -> 1 | S10: =--(tblProjects[[#This Row],[Health]]="Overdue") -> 1 | T10: =TEXT(tblProjects[[#This Row],[Due Date]],"yyyy-mm-dd") -> 2026-09-01
B11: Ansir Calculator for NonCOB | C11: Junie Ann Martinez | D11: Junie Ann Martinez | E11: Non-COB | F11: Ongoing | G11: High | H11: Management Tool | I11: 46244 | J11: 46266 | K11: Not Yet Started | L11: 0.75 | N11: =tblProjects[[#This Row],[Due Date]]-tblProjects[[#This Row],[Start Date]]+1 -> 23 | O11: =IF(tblProjects[[#This Row],[Status]]="Completed","",tblProjects[[#This Row],[Due Date]]-TODAY()) -> -52 | P11: =IF(tblProjects[[#This Row],[Status]]="Completed","Completed",IF(tblProjects[[#This Row],[Due Date]]<TODAY(),"Overdue",IF(tblProjects[[#This Row],[Due Date]]-TODAY()<=7,"Due Soon","On Track"))) -> Overdue | Q11: =--(tblProjects[[#This Row],[Status]]="Completed") -> 0 | R11: =--(tblProjects[[#This Row],[Status]]="Ongoing") -> 1 | S11: =--(tblProjects[[#This Row],[Health]]="Overdue") -> 1 | T11: =TEXT(tblProjects[[#This Row],[Due Date]],"yyyy-mm-dd") -> 2026-09-01
B12: RootCauseAnalysis | C12: John Ryan Ariola | D12: John Ryan Ariola | E12: Payment Integrity | F12: Ongoing | G12: High | H12: Process Improvement | I12: 46273 | J12: 46276 | K12: Not Yet Started | L12: 0.75 | N12: =tblProjects[[#This Row],[Due Date]]-tblProjects[[#This Row],[Start Date]]+1 -> 4 | O12: =IF(tblProjects[[#This Row],[Status]]="Completed","",tblProjects[[#This Row],[Due Date]]-TODAY()) -> -42 | P12: =IF(tblProjects[[#This Row],[Status]]="Completed","Completed",IF(tblProjects[[#This Row],[Due Date]]<TODAY(),"Overdue",IF(tblProjects[[#This Row],[Due Date]]-TODAY()<=7,"Due Soon","On Track"))) -> Overdue | Q12: =--(tblProjects[[#This Row],[Status]]="Completed") -> 0 | R12: =--(tblProjects[[#This Row],[Status]]="Ongoing") -> 1 | S12: =--(tblProjects[[#This Row],[Health]]="Overdue") -> 1 | T12: =TEXT(tblProjects[[#This Row],[Due Date]],"yyyy-mm-dd") -> 2026-09-11
B13: Project axis | C13: Rachel Costiniano | D13: Justin Umali | E13: Payment Integrity | F13: Ongoing | G13: High | H13: Process Improvement | I13: 46318 | J13: 46321 | K13: Not Yet Started | L13: 0.25 | N13: =tblProjects[[#This Row],[Due Date]]-tblProjects[[#This Row],[Start Date]]+1 -> 4 | O13: =IF(tblProjects[[#This Row],[Status]]="Completed","",tblProjects[[#This Row],[Due Date]]-TODAY()) -> 3 | P13: =IF(tblProjects[[#This Row],[Status]]="Completed","Completed",IF(tblProjects[[#This Row],[Due Date]]<TODAY(),"Overdue",IF(tblProjects[[#This Row],[Due Date]]-TODAY()<=7,"Due Soon","On Track"))) -> Due Soon | Q13: =--(tblProjects[[#This Row],[Status]]="Completed") -> 0 | R13: =--(tblProjects[[#This Row],[Status]]="Ongoing") -> 1 | S13: =--(tblProjects[[#This Row],[Health]]="Overdue") -> 0 | T13: =TEXT(tblProjects[[#This Row],[Due Date]],"yyyy-mm-dd") -> 2026-10-26

Sheet Timeline
C1: Project Timeline (Gantt)
C3: Search: | E3: <- type project, POC, developer or LOB | F3: Status: | G3: All
C4: Timeline start: | D4: =MIN(tblProjects[Start Date])-WEEKDAY(MIN(tblProjects[Start Date]),3) -> 46244 | E4: <- override with any date to scroll the chart
K5: Done | O5: Remaining | U5: Overdue slip | AB5: Today
J6: =TEXT(J7,"mmm d") -> Aug 10 | Q6: =TEXT(Q7,"mmm d") -> Aug 17 | X6: =TEXT(X7,"mmm d") -> Aug 24 | AE6: =TEXT(AE7,"mmm d") -> Aug 31 | AL6: =TEXT(AL7,"mmm d") -> Sep 7 | AS6: =TEXT(AS7,"mmm d") -> Sep 14 | AZ6: =TEXT(AZ7,"mmm d") -> Sep 21 | BG6: =TEXT(BG7,"mmm d") -> Sep 28 | BN6: =TEXT(BN7,"mmm d") -> Oct 5 | BU6: =TEXT(BU7,"mmm d") -> Oct 12 | CB6: =TEXT(CB7,"mmm d") -> Oct 19 | CI6: =TEXT(CI7,"mmm d") -> Oct 26 | CP6: =TEXT(CP7,"mmm d") -> Nov 2
C7: Project | D7: POC | E7: Status | F7: Start | G7: Due | H7: Progress | I7: Show | J7: =$D$4 -> 46244 | K7: =J7+1 -> 46245 | L7: =K7+1 -> 46246 | M7: =L7+1 -> 46247 | N7: =M7+1 -> 46248 | O7: =N7+1 -> 46249 | P7: =O7+1 -> 46250 | Q7: =P7+1 -> 46251 | R7: =Q7+1 -> 46252 | ... CV7: =CU7+1 -> 46334
C8: =IFERROR(INDEX(tblProjects[Project Name],ROWS($C$8:$C8)),"") -> NTE and NOD tracker | D8: =IFERROR(INDEX(tblProjects[POC],ROWS($C$8:$C8)),"") -> John Ryan Ariola | E8: =IFERROR(INDEX(tblProjects[Status],ROWS($C$8:$C8)),"") -> Completed | F8: =IFERROR(INDEX(tblProjects[Start Date],ROWS($C$8:$C8)),"") -> 46244 | G8: =IFERROR(INDEX(tblProjects[Due Date],ROWS($C$8:$C8)),"") -> 46255 | H8: =IFERROR(INDEX(tblProjects[Progress],ROWS($C$8:$C8)),"") -> 1 | I8: =IFERROR(AND($C8<>"",OR($D$3="",ISNUMBER(SEARCH($D$3,$C8&"|"&$D8&"|"&INDEX(tblProjects[Developer],ROWS($C$8:$C8))&"|"&INDEX(tblProjects[LOB],ROWS($C$8:$C8))))),OR($G$3="All",$G$3=$E8)),FALSE) -> TRUE
C9: =IFERROR(INDEX(tblProjects[Project Name],ROWS($C$8:$C9)),"") -> Attendance (with PTO request) tracker | D9: =IFERROR(INDEX(tblProjects[POC],ROWS($C$8:$C9)),"") -> Charlon Calugay | E9: =IFERROR(INDEX(tblProjects[Status],ROWS($C$8:$C9)),"") -> Completed | F9: =IFERROR(INDEX(tblProjects[Start Date],ROWS($C$8:$C9)),"") -> 46244 | G9: =IFERROR(INDEX(tblProjects[Due Date],ROWS($C$8:$C9)),"") -> 46255 | H9: =IFERROR(INDEX(tblProjects[Progress],ROWS($C$8:$C9)),"") -> 1 | I9: =IFERROR(AND($C9<>"",OR($D$3="",ISNUMBER(SEARCH($D$3,$C9&"|"&$D9&"|"&INDEX(tblProjects[Developer],ROWS($C$8:$C9))&"|"&INDEX(tblProjects[LOB],ROWS($C$8:$C9))))),OR($G$3="All",$G$3=$E9)),FALSE) -> TRUE
C10: =IFERROR(INDEX(tblProjects[Project Name],ROWS($C$8:$C10)),"") -> Payment Integrity - Pends Review | D10: =IFERROR(INDEX(tblProjects[POC],ROWS($C$8:$C10)),"") -> John Ryan Ariola | E10: =IFERROR(INDEX(tblProjects[Status],ROWS($C$8:$C10)),"") -> Ongoing | F10: =IFERROR(INDEX(tblProjects[Start Date],ROWS($C$8:$C10)),"") -> 46253 | G10: =IFERROR(INDEX(tblProjects[Due Date],ROWS($C$8:$C10)),"") -> 46260 | H10: =IFERROR(INDEX(tblProjects[Progress],ROWS($C$8:$C10)),"") -> 1 | I10: =IFERROR(AND($C10<>"",OR($D$3="",ISNUMBER(SEARCH($D$3,$C10&"|"&$D10&"|"&INDEX(tblProjects[Developer],ROWS($C$8:$C10))&"|"&INDEX(tblProjects[LOB],ROWS($C$8:$C10))))),OR($G$3="All",$G$3=$E10)),FALSE) -> TRUE
C11: =IFERROR(INDEX(tblProjects[Project Name],ROWS($C$8:$C11)),"") -> OPIDs Review | D11: =IFERROR(INDEX(tblProjects[POC],ROWS($C$8:$C11)),"") -> Justin Umali | E11: =IFERROR(INDEX(tblProjects[Status],ROWS($C$8:$C11)),"") -> Completed | F11: =IFERROR(INDEX(tblProjects[Start Date],ROWS($C$8:$C11)),"") -> 46251 | G11: =IFERROR(INDEX(tblProjects[Due Date],ROWS($C$8:$C11)),"") -> 46255 | H11: =IFERROR(INDEX(tblProjects[Progress],ROWS($C$8:$C11)),"") -> 1 | I11: =IFERROR(AND($C11<>"",OR($D$3="",ISNUMBER(SEARCH($D$3,$C11&"|"&$D11&"|"&INDEX(tblProjects[Developer],ROWS($C$8:$C11))&"|"&INDEX(tblProjects[LOB],ROWS($C$8:$C11))))),OR($G$3="All",$G$3=$E11)),FALSE) -> TRUE
C12: =IFERROR(INDEX(tblProjects[Project Name],ROWS($C$8:$C12)),"") -> Genpro | D12: =IFERROR(INDEX(tblProjects[POC],ROWS($C$8:$C12)),"") -> Pope Tuazon | E12: =IFERROR(INDEX(tblProjects[Status],ROWS($C$8:$C12)),"") -> Completed | F12: =IFERROR(INDEX(tblProjects[Start Date],ROWS($C$8:$C12)),"") -> 46251 | G12: =IFERROR(INDEX(tblProjects[Due Date],ROWS($C$8:$C12)),"") -> 46255 | H12: =IFERROR(INDEX(tblProjects[Progress],ROWS($C$8:$C12)),"") -> 1 | I12: =IFERROR(AND($C12<>"",OR($D$3="",ISNUMBER(SEARCH($D$3,$C12&"|"&$D12&"|"&INDEX(tblProjects[Developer],ROWS($C$8:$C12))&"|"&INDEX(tblProjects[LOB],ROWS($C$8:$C12))))),OR($G$3="All",$G$3=$E12)),FALSE) -> TRUE
C13: =IFERROR(INDEX(tblProjects[Project Name],ROWS($C$8:$C13)),"") -> Employee Dashboard | D13: =IFERROR(INDEX(tblProjects[POC],ROWS($C$8:$C13)),"") -> John Ryan Ariola | E13: =IFERROR(INDEX(tblProjects[Status],ROWS($C$8:$C13)),"") -> Ongoing | F13: =IFERROR(INDEX(tblProjects[Start Date],ROWS($C$8:$C13)),"") -> 46244 | G13: =IFERROR(INDEX(tblProjects[Due Date],ROWS($C$8:$C13)),"") -> 46269 | H13: =IFERROR(INDEX(tblProjects[Progress],ROWS($C$8:$C13)),"") -> 0.5 | I13: =IFERROR(AND($C13<>"",OR($D$3="",ISNUMBER(SEARCH($D$3,$C13&"|"&$D13&"|"&INDEX(tblProjects[Developer],ROWS($C$8:$C13))&"|"&INDEX(tblProjects[LOB],ROWS($C$8:$C13))))),OR($G$3="All",$G$3=$E13)),FALSE) -> TRUE
C14: =IFERROR(INDEX(tblProjects[Project Name],ROWS($C$8:$C14)),"") -> New Ansir Apps for NonCOB | D14: =IFERROR(INDEX(tblProjects[POC],ROWS($C$8:$C14)),"") -> Shine Abdulhalik | E14: =IFERROR(INDEX(tblProjects[Status],ROWS($C$8:$C14)),"") -> Ongoing | F14: =IFERROR(INDEX(tblProjects[Start Date],ROWS($C$8:$C14)),"") -> 46244 | G14: =IFERROR(INDEX(tblProjects[Due Date],ROWS($C$8:$C14)),"") -> 46266 | H14: =IFERROR(INDEX(tblProjects[Progress],ROWS($C$8:$C14)),"") -> 0.75 | I14: =IFERROR(AND($C14<>"",OR($D$3="",ISNUMBER(SEARCH($D$3,$C14&"|"&$D14&"|"&INDEX(tblProjects[Developer],ROWS($C$8:$C14))&"|"&INDEX(tblProjects[LOB],ROWS($C$8:$C14))))),OR($G$3="All",$G$3=$E14)),FALSE) -> TRUE
C15: =IFERROR(INDEX(tblProjects[Project Name],ROWS($C$8:$C15)),"") -> Ansir Calculator for NonCOB | D15: =IFERROR(INDEX(tblProjects[POC],ROWS($C$8:$C15)),"") -> Junie Ann Martinez | E15: =IFERROR(INDEX(tblProjects[Status],ROWS($C$8:$C15)),"") -> Ongoing | F15: =IFERROR(INDEX(tblProjects[Start Date],ROWS($C$8:$C15)),"") -> 46244 | G15: =IFERROR(INDEX(tblProjects[Due Date],ROWS($C$8:$C15)),"") -> 46266 | H15: =IFERROR(INDEX(tblProjects[Progress],ROWS($C$8:$C15)),"") -> 0.75 | I15: =IFERROR(AND($C15<>"",OR($D$3="",ISNUMBER(SEARCH($D$3,$C15&"|"&$D15&"|"&INDEX(tblProjects[Developer],ROWS($C$8:$C15))&"|"&INDEX(tblProjects[LOB],ROWS($C$8:$C15))))),OR($G$3="All",$G$3=$E15)),FALSE) -> TRUE
C16: =IFERROR(INDEX(tblProjects[Project Name],ROWS($C$8:$C16)),"") -> RootCauseAnalysis | D16: =IFERROR(INDEX(tblProjects[POC],ROWS($C$8:$C16)),"") -> John Ryan Ariola | E16: =IFERROR(INDEX(tblProjects[Status],ROWS($C$8:$C16)),"") -> Ongoing | F16: =IFERROR(INDEX(tblProjects[Start Date],ROWS($C$8:$C16)),"") -> 46273 | G16: =IFERROR(INDEX(tblProjects[Due Date],ROWS($C$8:$C16)),"") -> 46276 | H16: =IFERROR(INDEX(tblProjects[Progress],ROWS($C$8:$C16)),"") -> 0.75 | I16: =IFERROR(AND($C16<>"",OR($D$3="",ISNUMBER(SEARCH($D$3,$C16&"|"&$D16&"|"&INDEX(tblProjects[Developer],ROWS($C$8:$C16))&"|"&INDEX(tblProjects[LOB],ROWS($C$8:$C16))))),OR($G$3="All",$G$3=$E16)),FALSE) -> TRUE
C17: =IFERROR(INDEX(tblProjects[Project Name],ROWS($C$8:$C17)),"") -> Project axis | D17: =IFERROR(INDEX(tblProjects[POC],ROWS($C$8:$C17)),"") -> Rachel Costiniano | E17: =IFERROR(INDEX(tblProjects[Status],ROWS($C$8:$C17)),"") -> Ongoing | F17: =IFERROR(INDEX(tblProjects[Start Date],ROWS($C$8:$C17)),"") -> 46318 | G17: =IFERROR(INDEX(tblProjects[Due Date],ROWS($C$8:$C17)),"") -> 46321 | H17: =IFERROR(INDEX(tblProjects[Progress],ROWS($C$8:$C17)),"") -> 0.25 | I17: =IFERROR(AND($C17<>"",OR($D$3="",ISNUMBER(SEARCH($D$3,$C17&"|"&$D17&"|"&INDEX(tblProjects[Developer],ROWS($C$8:$C17))&"|"&INDEX(tblProjects[LOB],ROWS($C$8:$C17))))),OR($G$3="All",$G$3=$E17)),FALSE) -> TRUE
C18: =IFERROR(INDEX(tblProjects[Project Name],ROWS($C$8:$C18)),"") | D18: =IFERROR(INDEX(tblProjects[POC],ROWS($C$8:$C18)),"") | E18: =IFERROR(INDEX(tblProjects[Status],ROWS($C$8:$C18)),"") | F18: =IFERROR(INDEX(tblProjects[Start Date],ROWS($C$8:$C18)),"") | G18: =IFERROR(INDEX(tblProjects[Due Date],ROWS($C$8:$C18)),"") | H18: =IFERROR(INDEX(tblProjects[Progress],ROWS($C$8:$C18)),"") | I18: =IFERROR(AND($C18<>"",OR($D$3="",ISNUMBER(SEARCH($D$3,$C18&"|"&$D18&"|"&INDEX(tblProjects[Developer],ROWS($C$8:$C18))&"|"&INDEX(tblProjects[LOB],ROWS($C$8:$C18))))),OR($G$3="All",$G$3=$E18)),FALSE) -> FALSE
C19: =IFERROR(INDEX(tblProjects[Project Name],ROWS($C$8:$C19)),"") | D19: =IFERROR(INDEX(tblProjects[POC],ROWS($C$8:$C19)),"") | E19: =IFERROR(INDEX(tblProjects[Status],ROWS($C$8:$C19)),"") | F19: =IFERROR(INDEX(tblProjects[Start Date],ROWS($C$8:$C19)),"") | G19: =IFERROR(INDEX(tblProjects[Due Date],ROWS($C$8:$C19)),"") | H19: =IFERROR(INDEX(tblProjects[Progress],ROWS($C$8:$C19)),"") | I19: =IFERROR(AND($C19<>"",OR($D$3="",ISNUMBER(SEARCH($D$3,$C19&"|"&$D19&"|"&INDEX(tblProjects[Developer],ROWS($C$8:$C19))&"|"&INDEX(tblProjects[LOB],ROWS($C$8:$C19))))),OR($G$3="All",$G$3=$E19)),FALSE) -> FALSE
... C107: =IFERROR(INDEX(tblProjects[Project Name],ROWS($C$8:$C107)),"") | D107: =IFERROR(INDEX(tblProjects[POC],ROWS($C$8:$C107)),"") | E107: =IFERROR(INDEX(tblProjects[Status],ROWS($C$8:$C107)),"") | F107: =IFERROR(INDEX(tblProjects[Start Date],ROWS($C$8:$C107)),"") | G107: =IFERROR(INDEX(tblProjects[Due Date],ROWS($C$8:$C107)),"") | H107: =IFERROR(INDEX(tblProjects[Progress],ROWS($C$8:$C107)),"") | I107: =IFERROR(AND($C107<>"",OR($D$3="",ISNUMBER(SEARCH($D$3,$C107&"|"&$D107&"|"&INDEX(tblProjects[Developer],ROWS($C$8:$C107))&"|"&INDEX(tblProjects[LOB],ROWS($C$8:$C107))))),OR($G$3="All",$G$3=$E107)),FALSE) -> FALSE

Sheet PivotData
A1: Helper pivots for Dashboard - do not edit
A3: Total Projects | B3: Completed Count | C3: Ongoing Count | D3: Overdue Count | E3: Avg Progress | I3: Row Labels | J3: Projects | M3: Row Labels | N3: Avg Progress | Q3: Projects | R3: Column Labels | Z3: Projects | AA3: Column Labels
A4: 9 | B4: 4 | C4: 5 | D4: 5 | E4: 0.86111111 | I4: Completed | J4: 4 | M4: Ageing Management | N4: 1 | Q4: Row Labels | R4: Completed | S4: Ongoing | T4: Grand Total | Z4: Row Labels | AA4: Completed | AB4: Ongoing | AC4: Grand Total
I5: Overdue | J5: 5 | M5: Automation | N5: 1 | Q5: Dispute Intake | R5: 2 | T5: 2 | Z5: Charlon Calugay | AA5: 1 | AC5: 1
I6: Grand Total | J6: 9 | M6: Management Tool | N6: 0.75 | Q6: Non-COB | S6: 2 | T6: 2 | Z6: John Ryan Ariola | AA6: 1 | AB6: 3 | AC6: 4
M7: Process Improvement | N7: 0.875 | Q7: Payment Integrity | R7: 2 | S7: 3 | T7: 5 | Z7: Junie Ann Martinez | AB7: 1 | AC7: 1
M8: Workforce Management | N8: 1 | Q8: Grand Total | R8: 4 | S8: 5 | T8: 9 | Z8: Justin Umali | AA8: 1 | AC8: 1
M9: Grand Total | N9: 0.86111111 | Z9: Pope Tuazon | AA9: 1 | AC9: 1
Z10: Shine Abdulhalik | AB10: 1 | AC10: 1
Z11: Grand Total | AA11: 4 | AB11: 5 | AC11: 9
A19: KPI values (linked to Dashboard cards)
A20: TOTAL PROJECTS | B20: =IFERROR(GETPIVOTDATA("Total Projects",PivotData!$A$3),0) -> 9
A21: COMPLETED | B21: =IFERROR(GETPIVOTDATA("Completed Count",PivotData!$A$3),0) -> 4
A22: ONGOING | B22: =IFERROR(GETPIVOTDATA("Ongoing Count",PivotData!$A$3),0) -> 5
A23: OVERDUE | B23: =IFERROR(GETPIVOTDATA("Overdue Count",PivotData!$A$3),0) -> 5
A24: AVG PROGRESS | B24: =IFERROR(GETPIVOTDATA("Avg Progress",PivotData!$A$3),0) -> 0.86111111 | C24: =MIN(1,MAX(0,B24))*0.75 -> 0.64583333 | D24: =0.75-C24 -> 0.10416667 | E24: 0.25 | G24: ="across "&B20&" project"&IF(B20=1,"","s") -> across 9 projects
A25: COMPLETION RATE | B25: =IFERROR(GETPIVOTDATA("Completed Count",PivotData!$A$3)/GETPIVOTDATA("Total Projects",PivotData!$A$3),0) -> 0.44444444 | C25: =MIN(1,MAX(0,B25)) -> 0.44444444 | D25: =1-C25 -> 0.55555556 | G25: =B21&" of "&B20&" projects completed" -> 4 of 9 projects completed

Sheet Lists
A1: POC | B1: LOB | C1: Status | D1: Priority | E1: Category | F1: Deployment Status
A2: Charlon Calugay | B2: Dispute Intake | C2: Not Started | D2: High | E2: Ageing Management | F2: Not Yet Started
A3: John Ryan Ariola | B3: Non-COB | C3: Ongoing | D3: Medium | E3: Automation | F3: Submitted
A4: Junie Ann Martinez | B4: Payment Integrity | C4: Completed | D4: Low | E4: Management Tool | F4: In UAT
A5: Justin Umali | C5: On Hold | E5: Process Improvement | F5: Deployed
A6: Pope Tuazon | E6: Workforce Management
A7: Shine Abdulhalik
